device,mean,std,PCA1,PCA2,cluster
Hue,312.28767123287673,333.8137154933062,-0.4899223841526243,0.4853097444693259,2
TP-Link,301.958904109589,333.15984811916087,1.8670748496049423,-0.13272232868597678,0
WeMo,322.5342465753425,333.8245581386102,-1.3771524654523184,-0.352587415783349,1
